{"stats":{"minecraft:dropped":{"minecraft:stone_button":3,"minecraft:conduit":1,"minecraft:sticky_piston":1,"minecraft:redstone_torch":2,"minecraft:command_block":2,"minecraft:redstone":10},"minecraft:picked_up":{"minecraft:repeater":78,"minecraft:stone_button":10,"minecraft:redstone":1032,"minecraft:sticky_piston":2,"minecraft:oak_sign":11,"minecraft:lever":54,"minecraft:redstone_torch":134},"minecraft:used":{"minecraft:redstone_torch":3389,"minecraft:sticky_piston":137,"minecraft:black_terracotta":116,"minecraft:glass":2,"minecraft:jack_o_lantern":9,"minecraft:piston":47,"minecraft:lever":746,"minecraft:green_concrete":1,"minecraft:writable_book":1,"minecraft:black_concrete":31,"minecraft:light_gray_stained_glass":424,"minecraft:daylight_detector":1,"minecraft:command_block":22,"minecraft:red_wool":21,"minecraft:iron_block":13154,"minecraft:redstone":8285,"minecraft:oak_sign":206,"minecraft:stone_button":173,"minecraft:green_wool":19,"minecraft:blue_wool":30,"minecraft:red_terracotta":4,"minecraft:polished_granite":5,"minecraft:redstone_block":33,"minecraft:pink_wool":35,"minecraft:conduit":2,"minecraft:yellow_wool":17,"minecraft:green_terracotta":1,"minecraft:light_gray_wool":406,"minecraft:repeater":1252,"minecraft:glowstone":7,"minecraft:redstone_lamp":178,"minecraft:comparator":34,"minecraft:yellow_terracotta":139,"minecraft:magenta_wool":6,"minecraft:hopper":3,"minecraft:light_blue_wool":9,"minecraft:orange_wool":8,"minecraft:smooth_stone_slab":224,"minecraft:trapped_chest":1,"minecraft:note_block":19,"minecraft:black_concrete_powder":1,"minecraft:cyan_wool":39,"minecraft:observer":6,"minecraft:purple_wool":39,"minecraft:gray_stained_glass":62},"minecraft:custom":{"minecraft:time_since_rest":5071539,"minecraft:sprint_one_cm":154376,"minecraft:walk_one_cm":403243,"minecraft:trigger_trapped_chest":7,"minecraft:drop":19,"minecraft:inspect_hopper":21,"minecraft:tune_noteblock":137,"minecraft:fly_one_cm":50530006,"minecraft:play_one_minute":5071539,"minecraft:crouch_one_cm":46243,"minecraft:sneak_time":220389,"minecraft:jump":3306,"minecraft:leave_game":74,"minecraft:time_since_death":5071539}},"DataVersion":2230}